{
  "sheetsById": {
    "Demo Sheet": {
      "staticOverrides": {
        "byObject": {
          "LightBB": {
            "position": {
              "x": 23.06902029230255,
              "y": 13.936704696730082,
              "z": 2491.767164724273
            }
          },
          "VideoTexture": {
            "position": {
              "x": 0,
              "y": 6.710000000000009,
              "z": 9.700000000000038
            },
            "rotation": {
              "y": 3.0799999999999996
            },
            "scale": {
              "x": 15,
              "y": 10,
              "z": 10
            }
          },
          "CameraBB": {
            "position": {
              "x": -0.7304515549070336,
              "y": 1.2099765888783178,
              "z": 1.3603024823958858
            },
            "rotation": {
              "y": -3.6799999999999877
            }
          },
          "testLight": {
            "position": {
              "x": 3.8936076527406884,
              "y": -1.1237502530765244,
              "z": -7.801957617400536
            }
          }
        }
      }
    }
  },
  "definitionVersion": "0.4.0",
  "revisionHistory": ["v4DwnKIsLjAYokDx"]
}
